{
  "jis_code": "27207",
  "zip_code": "5691193",
  "corporate_name_kana": "ﾏﾂｼﾀﾃﾞﾝｷｻﾝｷﾞﾖｳ ｶﾌﾞｼｷｶﾞｲｼﾔ･ﾏﾂｼﾀﾄｳｼﾊﾞｴｲｿﾞｳﾃﾞｲｽﾌﾟﾚｲ ｶﾌﾞｼｷｶﾞｲｼﾔ",
  "corporate_name": "松下電器産業　株式会社・松下東芝映像ディスプレイ　株式会社",
  "prefecture_name_kana": "",
  "city_name_kana": "",
  "town_name_kana": "",
  "prefecture_name": "大阪府",
  "city_name": "高槻市",
  "town_name": "幸町"
}