[
  {
    "jis_code": "13108",
    "zip_code": "1358523",
    "corporate_name_kana": "ﾆﾎﾝｾｷｼﾞﾕｳｼﾞｼﾔ ｹﾂｴｷｼﾞｷﾞﾖｳﾎﾝﾌﾞ ﾁﾕｳｵｳｺﾂｽﾞｲﾃﾞ-ﾀｾﾝﾀ-",
    "corporate_name": "日本赤十字社　血液事業本部　中央骨髄データセンター",
    "prefecture_name_kana": "",
    "city_name_kana": "",
    "town_name_kana": "",
    "prefecture_name": "東京都",
    "city_name": "江東区",
    "town_name": "辰巳"
  }
]