[
  {
    "jis_code": "13108",
    "zip_code": "1358553",
    "corporate_name_kana": "ﾆﾂｼﾝｾｲﾄｳ ｶﾌﾞｼｷｶﾞｲｼﾔ ﾖｶｶｲﾊﾂﾎﾝﾌﾞ ﾄﾞｳ.ｽﾎﾟ-ﾂﾌﾟﾗｻﾞﾊﾙﾐ",
    "corporate_name": "日新製糖　株式会社　余暇開発本部　ドゥ・スポーツプラザ晴海",
    "prefecture_name_kana": "",
    "city_name_kana": "",
    "town_name_kana": "",
    "prefecture_name": "東京都",
    "city_name": "江東区",
    "town_name": "豊洲"
  }
]