[
  {
    "jis_code": "13108",
    "zip_code": "1358385",
    "corporate_name_kana": "ﾒｲｼﾞﾔｽﾀﾞｼｽﾃﾑ･ﾃｸﾉﾛｼﾞ- ｶﾌﾞｼｷｶﾞｲｼﾔ ｴﾑﾋﾞ-ｴｽｼﾞｷﾞﾖｳﾌﾞﾓﾝ",
    "corporate_name": "明治安田システム・テクノロジー　株式会社　ＭＢＳ事業部門",
    "prefecture_name_kana": "",
    "city_name_kana": "",
    "town_name_kana": "",
    "prefecture_name": "東京都",
    "city_name": "江東区",
    "town_name": "東陽"
  }
]