[
  {
    "jis_code": "13123",
    "zip_code": "1328550",
    "corporate_name_kana": "ﾄｳｷﾖｳﾃﾞﾝﾘﾖｸ ｶﾌﾞｼｷｶﾞｲｼﾔ ｺｳﾄｳｼﾃﾝ ｴﾄﾞｶﾞﾜｴｲｷﾞﾖｳｾﾝﾀ-",
    "corporate_name": "東京電力　株式会社　江東支店　江戸川営業センター",
    "prefecture_name_kana": "",
    "city_name_kana": "",
    "town_name_kana": "",
    "prefecture_name": "東京都",
    "city_name": "江戸川区",
    "town_name": "中央"
  }
]