{
  "jis_code": "11105",
  "zip_code": "3388506",
  "corporate_name_kana": "(ｻﾞｲ) ｻｲﾀﾏｹﾝｹﾞｲｼﾞﾕﾂﾌﾞﾝｶｼﾝｺｳｻﾞｲﾀﾞﾝ ｻｲﾉｸﾆｻｲﾀﾏｹﾞｲｼﾞﾕﾂｹﾞｷｼﾞﾖｳ",
  "corporate_name": "（財）　埼玉県芸術文化振興財団　彩の国さいたま芸術劇場",
  "prefecture_name_kana": "",
  "city_name_kana": "",
  "town_name_kana": "",
  "prefecture_name": "埼玉県",
  "city_name": "さいたま市中央区",
  "town_name": "上峰"
}