[
  {
    "jis_code": "38201",
    "zip_code": "7908793",
    "corporate_name_kana": "ﾆﾎﾝﾕｳﾋﾞﾝ ｶﾌﾞｼｷｶﾞｲｼﾔ ｼｺｸｼｼﾔ ﾕｳﾋﾞﾝｼﾞｷﾞﾖｳﾎﾝﾌﾞ (ｻﾝｼﾕ)",
    "corporate_name": "日本郵便　株式会社　四国支社　郵便事業本部　（三種）",
    "prefecture_name_kana": "",
    "city_name_kana": "",
    "town_name_kana": "",
    "prefecture_name": "愛媛県",
    "city_name": "松山市",
    "town_name": "宮田町"
  }
]