[
  {
    "jis_code": "38201",
    "zip_code": "7908531",
    "corporate_name_kana": "ｶﾞﾂｺｳﾎｳｼﾞﾝ ﾏﾂﾔﾏｼﾉﾉﾒｶﾞｸｴﾝ ﾏﾂﾔﾏｼﾉﾉﾒｼﾞﾖｼﾀﾞｲｶﾞｸ ﾏﾂﾔﾏｼﾉﾉﾒﾀﾝｷﾀﾞｲｶﾞｸ",
    "corporate_name": "学校法人　松山東雲学園　松山東雲女子大学　松山東雲短期大学",
    "prefecture_name_kana": "",
    "city_name_kana": "",
    "town_name_kana": "",
    "prefecture_name": "愛媛県",
    "city_name": "松山市",
    "town_name": "桑原"
  }
]